,State_Name,DFSI
Patna,BIHAR,19.3005641
Murshidabad,WEST BENGAL,18.91088377
Thane,MAHARASHTRA,18.86178924
Guntur,ANDHRA PRADESH,18.83206907
North Twenty Four Pargan*,WEST BENGAL,18.77053767
Nagpur,MAHARASHTRA,18.68711359
Purba Medinipur,WEST BENGAL,18.37042595
Lakhimpur,ASSAM,18.33746571
Gorakhpur,UTTAR PRADESH,18.3025756
Purba Champaran,BIHAR,18.2957876
Kota,RAJASTHAN,18.28899124
Muzaffarpur,BIHAR,18.2870159
Ballia,UTTAR PRADESH,18.28241258
Maldah,WEST BENGAL,18.25813003
Aurangabad,BIHAR,18.25510246
Rajkot,GUJARAT,18.23927455
Cachar,ASSAM,18.14045692
Ahmadabad,GUJARAT,18.11712236
Aurangabad,BIHAR,18.09924753
Bahraich,UTTAR PRADESH,18.07735296
Dibrugarh,ASSAM,18.0682327
Prayagraj,UTTAR PRADESH,18.06694088
Chamoli,UTTARAKHAND,18.05798994
Darjiling,WEST BENGAL,18.01898149
Jalpaiguri,WEST BENGAL,18.00303603
Azamgarh,UTTAR PRADESH,17.95128913
Pashchim Champaran,BIHAR,17.9293385
Amravati,MAHARASHTRA,17.90770735
Medinipur West,WEST BENGAL,17.86904564
Samastipur,BIHAR,17.7619943
Darbhanga,BIHAR,17.74461914
Alappuzha,KERALA,17.72546197
Surat,GUJARAT,17.68686725
Kachchh,GUJARAT,17.66899888
Shimla,HIMACHAL PRADESH,17.62264694
Bhagalpur,BIHAR,17.60448649
Madhubani,BIHAR,17.60431905
Raigarh,CHHATTISGARH,17.57075811
Bharuch,GUJARAT,17.56894676
Nanded,MAHARASHTRA,17.55987139
Hamirpur,UTTAR PRADESH,17.53682759
Nadia,WEST BENGAL,17.53450009
Dhemaji,ASSAM,17.53199491
Pune,MAHARASHTRA,17.52481198
Kamrup,ASSAM,17.51092317
Sitapur,UTTAR PRADESH,17.50422681
Deoria,UTTAR PRADESH,17.49166827
Kheri,UTTAR PRADESH,17.48620569
Hooghly,WEST BENGAL,17.48618759
Agra,UTTAR PRADESH,17.46347311
Ganjam,ODISHA,17.46172971
Cuttack,ODISHA,17.44880794
Begusarai,BIHAR,17.41078093
Katihar,BIHAR,17.36172599
Thiruvananthapuram,KERALA,17.35036532
Bankura,WEST BENGAL,17.31955292
Baleshwar,ODISHA,17.31748222
Malappuram,KERALA,17.30205289
Raigarh,CHHATTISGARH,17.30191367
Sawai Madhopur,RAJASTHAN,17.29473115
Nagaon,ASSAM,17.2389526
Kurnool,ANDHRA PRADESH,17.23812651
Basti,UTTAR PRADESH,17.21470157
Varanasi,UTTAR PRADESH,17.20928123
Visakhapatnam,ANDHRA PRADESH,17.20674881
Thrissur,KERALA,17.20070154
Bara Banki,UTTAR PRADESH,17.20010241
Karimganj,ASSAM,17.19490183
Tinsukia,ASSAM,17.19138563
Kottayam,KERALA,17.17757332
Pratapgarh,UTTAR PRADESH,17.17632254
Saran,BIHAR,17.16388922
Hamirpur,UTTAR PRADESH,17.14078997
Kolhapur,MAHARASHTRA,17.13356636
Bharatpur,RAJASTHAN,17.13124271
Supaul,BIHAR,17.11127858
Kannur,KERALA,17.10860523
Barpeta,ASSAM,17.07215528
Khagaria,BIHAR,17.06746438
Etawah,UTTAR PRADESH,17.06708649
Jammu,JAMMU & KASHMIR,17.04632553
Cooch Behar,WEST BENGAL,17.04587802
Saharanpur,UTTAR PRADESH,17.0414068
Ratnagiri,MAHARASHTRA,17.0254424
East Godavari,ANDHRA PRADESH,17.02182399
Saharsa,BIHAR,17.01851799
Thanjavur,TAMIL NADU,16.98285416
Meerut,UTTAR PRADESH,16.97784468
Howrah,WEST BENGAL,16.96376285
Pithoragarh,UTTARAKHAND,16.95882245
Junagadh,GUJARAT,16.930629
Gonda,UTTAR PRADESH,16.92731274
Jaipur,RAJASTHAN,16.92120025
Sonitpur,ASSAM,16.91826854
Sivasagar,ASSAM,16.91815517
Uttarkashi,UTTARAKHAND,16.91446798
Parbhani,MAHARASHTRA,16.90648398
Ernakulam,KERALA,16.88354555
Kullu,HIMACHAL PRADESH,16.87440433
Lucknow,UTTAR PRADESH,16.85865856
Faizabad,UTTAR PRADESH,16.85165549
Kozhikode,KERALA,16.80782668
Goalpara,ASSAM,16.80570811
Jorhat,ASSAM,16.78312101
Rudraprayag,UTTARAKHAND,16.76850436
Gopalganj,BIHAR,16.76771703
Raichur,KARNATAKA,16.75793281
Patiala,PUNJAB,16.73168616
Palakkad,KERALA,16.72468098
Vaishali,BIHAR,16.69942915
Ballari,KARNATAKA,16.68777601
Jodhpur,RAJASTHAN,16.68515856
Uttara Kannada,KARNATAKA,16.67968268
Jaunpur,UTTAR PRADESH,16.67693935
Dakshina Kannada,KARNATAKA,16.6725249
Balaghat,MADHYA PRADESH,16.63021864
Chennai,TAMIL NADU,16.62215635
Pratapgarh,UTTAR PRADESH,16.61975367
Birbhum,WEST BENGAL,16.58841394
Sitamarhi,BIHAR,16.54083412
Chandrapur,MAHARASHTRA,16.53021365
Tiruchirappalli,TAMIL NADU,16.50754635
Golaghat,ASSAM,16.50027274
Aligarh,UTTAR PRADESH,16.49352826
Darrang,ASSAM,16.49301021
Sindhudurg,MAHARASHTRA,16.48929417
Bareilly,UTTAR PRADESH,16.48570301
Jalaun,UTTAR PRADESH,16.47859048
Solapur,MAHARASHTRA,16.46425713
Bikaner,RAJASTHAN,16.45752313
Aurangabad,MAHARASHTRA,16.45344402
Munger,BIHAR,16.45302713
Muzaffarnagar,UTTAR PRADESH,16.4343597
Ghazipur,UTTAR PRADESH,16.43397417
Dhubri,ASSAM,16.41641937
West Godavari,ANDHRA PRADESH,16.38794982
Barmer,RAJASTHAN,16.36665709
Mathura,UTTAR PRADESH,16.36012949
Purnia,BIHAR,16.34151937
Dehradun,UTTARAKHAND,16.33139418
Nawada,BIHAR,16.3297611
Bid,MAHARASHTRA,16.32719549
Amritsar,PUNJAB,16.32619833
Aurangabad,MAHARASHTRA,16.29758909
Balrampur,UTTAR PRADESH,16.27389015
Kalaburagi,KARNATAKA,16.27130404
Hardoi,UTTAR PRADESH,16.24635852
Dakshin Dinajpur,WEST BENGAL,16.24360817
Unnao,UTTAR PRADESH,16.23017775
Raigarh,MAHARASHTRA,16.20634326
Jalgaon,MAHARASHTRA,16.20376622
Moradabad,UTTAR PRADESH,16.17046865
Nalanda,BIHAR,16.16893638
Bulandshahr,UTTAR PRADESH,16.15674263
Mandi,HIMACHAL PRADESH,16.14516632
Araria,BIHAR,16.13937555
Wayanad,KERALA,16.13548334
Jalandhar,PUNJAB,16.1263494
Kasaragod,KERALA,16.12279423
Budaun,UTTAR PRADESH,16.11888766
Firozabad,UTTAR PRADESH,16.0850132
Mirzapur,UTTAR PRADESH,16.08213688
Banda,UTTAR PRADESH,16.05990081
Kanpur Dehat,UTTAR PRADESH,16.0560769
Sultanpur,UTTAR PRADESH,16.05580169
Gaya,BIHAR,16.04706596
Kanpur Nagar,UTTAR PRADESH,16.03703258
Alwar,RAJASTHAN,16.03551355
Gadchiroli,MAHARASHTRA,16.02838732
Hamirpur,HIMACHAL PRADESH,16.00618676
Vadodara,GUJARAT,15.99449884
Pathanamthitta,KERALA,15.99382361
Pali,RAJASTHAN,15.97650077
Vizianagaram,ANDHRA PRADESH,15.96100153
Kolkata,WEST BENGAL,15.9573362
Krishna,ANDHRA PRADESH,15.95732408
Siwan,BIHAR,15.9418281
Jalor,RAJASTHAN,15.94100882
Wardha,MAHARASHTRA,15.93909113
Raigarh,MAHARASHTRA,15.93749882
Morigaon,ASSAM,15.89431047
Fatehpur,UTTAR PRADESH,15.8800279
Tonk,RAJASTHAN,15.83401341
Bundi,RAJASTHAN,15.82948386
Kangra,HIMACHAL PRADESH,15.8277972
Surendranagar,GUJARAT,15.82720288
Kishanganj,BIHAR,15.81814369
Coimbatore,TAMIL NADU,15.81294136
Nashik,MAHARASHTRA,15.81075585
Shahjahanpur,UTTAR PRADESH,15.81073843
Bhandara,MAHARASHTRA,15.80653465
Balrampur,UTTAR PRADESH,15.79530013
Kheda,GUJARAT,15.78066418
Hailakandi,ASSAM,15.76716147
Bhojpur,BIHAR,15.75200784
Prakasam,ANDHRA PRADESH,15.73768723
Dharwad,KARNATAKA,15.72960889
Balrampur,CHHATTISGARH,15.71565822
Bengaluru Rural,KARNATAKA,15.69370159
Pratapgarh,RAJASTHAN,15.69178816
Jhansi,UTTAR PRADESH,15.68486628
Amreli,GUJARAT,15.68483276
Cuddalore,TAMIL NADU,15.66204998
Bilaspur,CHHATTISGARH,15.63453017
Ajmer,RAJASTHAN,15.62689501
Hamirpur,HIMACHAL PRADESH,15.61014914
Madurai,TAMIL NADU,15.60272731
Madhepura,BIHAR,15.59334276
Akola,MAHARASHTRA,15.57836423
Gurdaspur,PUNJAB,15.56598261
Koraput,ODISHA,15.56026976
Bhilwara,RAJASTHAN,15.55802277
Banas Kantha,GUJARAT,15.55766278
Nalbari,ASSAM,15.55185249
Kinnaur,HIMACHAL PRADESH,15.54973135
Valsad,GUJARAT,15.54742137
Ramanathapuram,TAMIL NADU,15.5154026
Nagapattinam,TAMIL NADU,15.51054704
Mysuru,KARNATAKA,15.49929207
Viluppuram,TAMIL NADU,15.45870003
Churu,RAJASTHAN,15.45760982
Kannauj,UTTAR PRADESH,15.44932496
Bangalore,KARNATAKA,15.43924212
Sangli,MAHARASHTRA,15.43845127
Bijapur,CHHATTISGARH,15.43820582
Rohtas,BIHAR,15.41527014
Bilaspur,HIMACHAL PRADESH,15.41347826
Mainpuri,UTTAR PRADESH,15.40304891
Amethi,UTTAR PRADESH,15.387214
Pilibhit,UTTAR PRADESH,15.3778457
Aizawl,MIZORAM,15.37386235
Karbi Anglong,ASSAM,15.36202196
Navsari,GUJARAT,15.33375022
Purba Bardhaman,WEST BENGAL,15.32166631
Anantapur,ANDHRA PRADESH,15.32025572
Sri Potti Sriramulu Nell*,ANDHRA PRADESH,15.30583557
Ludhiana,PUNJAB,15.29530674
Srikakulam,ANDHRA PRADESH,15.26104934
Balrampur,CHHATTISGARH,15.2370682
Kendrapara,ODISHA,15.21487322
Bidar,KARNATAKA,15.21026316
Kendujhar,ODISHA,15.1904768
Banka,BIHAR,15.16369521
Sambhal,UTTAR PRADESH,15.16065953
West Nimar,MADHYA PRADESH,15.1525421
Ganganagar,RAJASTHAN,15.14673799
Punch,JAMMU & KASHMIR,15.13979186
Sambalpur,ODISHA,15.13820085
Gautam Buddha Nagar,UTTAR PRADESH,15.1379273
Pratapgarh,RAJASTHAN,15.13521928
South Twenty Four Pargan*,WEST BENGAL,15.12556501
Kasganj,UTTAR PRADESH,15.10167008
Puri,ODISHA,15.10138818
Mumbai,MAHARASHTRA,15.09632228
Jaisalmer,RAJASTHAN,15.08038227
Gadag,KARNATAKA,15.07788311
Kokrajhar,ASSAM,15.04546818
Baran,RAJASTHAN,15.03916048
Sirsa,HARYANA,15.03133711
Bijnor,UTTAR PRADESH,15.02946506
Bhadrak,ODISHA,15.01748886
Mayurbhanj,ODISHA,15.01661216
Buxar,BIHAR,15.01252576
Bilaspur,CHHATTISGARH,15.01006326
Bongaigaon,ASSAM,15.00163184
Baramula,JAMMU & KASHMIR,14.99994483
Jalna,MAHARASHTRA,14.99289719
Lakhisarai,BIHAR,14.98915106
Sheohar,BIHAR,14.98702658
Farrukhabad,UTTAR PRADESH,14.97549178
Belagavi,KARNATAKA,14.97463069
Kaimur (bhabua),BIHAR,14.97113697
Chittoor,ANDHRA PRADESH,14.96853199
Amroha,UTTAR PRADESH,14.96434064
Kalahandi,ODISHA,14.95201813
Firozpur,PUNJAB,14.94646918
Patan,GUJARAT,14.91649272
Chamba,HIMACHAL PRADESH,14.89530724
Ghaziabad,UTTAR PRADESH,14.89486164
Bhavnagar,GUJARAT,14.86671025
Salem,TAMIL NADU,14.86457237
Etah,UTTAR PRADESH,14.85722298
Tiruvannamalai,TAMIL NADU,14.85301299
Mahesana,GUJARAT,14.85260956
Baksa,ASSAM,14.85212927
Haveri,KARNATAKA,14.84670195
Jehanabad,BIHAR,14.84221031
Hisar,HARYANA,14.84156814
Dhenkanal,ODISHA,14.8322836
Idukki,KERALA,14.83032034
Palghar,MAHARASHTRA,14.82102065
Sirmaur,HIMACHAL PRADESH,14.80632936
Yadgir,KARNATAKA,14.80416482
Raisen,MADHYA PRADESH,14.79397335
Uttar Dinajpur,WEST BENGAL,14.79290257
Bilaspur,HIMACHAL PRADESH,14.78901134
Buldana,MAHARASHTRA,14.77839941
West Tripura,TRIPURA,14.77717187
Rewa,MADHYA PRADESH,14.76859583
Garhwal,UTTARAKHAND,14.76356078
Anantnag,JAMMU & KASHMIR,14.75646676
Raipur,CHHATTISGARH,14.75386081
Chandauli,UTTAR PRADESH,14.75193731
Anand,GUJARAT,14.75043282
Kandhamal,ODISHA,14.72473012
Hojai,ASSAM,14.6887034
Kollam,KERALA,14.68786518
Sagar,MADHYA PRADESH,14.67359769
Pulwama,JAMMU & KASHMIR,14.65315351
Sant Kabir Nagar,UTTAR PRADESH,14.63892367
Erode,TAMIL NADU,14.63708614
Shrawasti,UTTAR PRADESH,14.63605482
Jajapur,ODISHA,14.63466026
Mandya,KARNATAKA,14.62688325
Auraiya,UTTAR PRADESH,14.61332986
Rampur,UTTAR PRADESH,14.61182068
Jhalawar,RAJASTHAN,14.60856401
Arwal,BIHAR,14.60179082
Kodagu,KARNATAKA,14.59323258
Chitradurga,KARNATAKA,14.58611459
Rae Bareli,UTTAR PRADESH,14.57834391
Shivamogga,KARNATAKA,14.57336747
Davanagere,KARNATAKA,14.56712063
Udalguri,ASSAM,14.55326952
Rupnagar,PUNJAB,14.55015296
Kolar,KARNATAKA,14.53218953
Kushinagar,UTTAR PRADESH,14.52573167
Panch Mahals,GUJARAT,14.51254198
Solan,HIMACHAL PRADESH,14.5046021
Charaideo,ASSAM,14.49848319
Doda,JAMMU & KASHMIR,14.48766653
Yavatmal,MAHARASHTRA,14.48260719
Chitrakoot,UTTAR PRADESH,14.47986865
Upper Siang,ARUNACHAL PRADESH,14.46874306
Jabalpur,MADHYA PRADESH,14.467792
Koppal,KARNATAKA,14.4652888
Kaushambi,UTTAR PRADESH,14.46272452
Dindigul,TAMIL NADU,14.46050498
Hassan,KARNATAKA,14.45235914
Kapurthala,PUNJAB,14.43707792
Sikar,RAJASTHAN,14.43374454
Bathinda,PUNJAB,14.4324391
Sirohi,RAJASTHAN,14.41496759
Ambala,HARYANA,14.40393673
Biswanath,ASSAM,14.37784693
Ambedkar Nagar,UTTAR PRADESH,14.34664677
Hoshiarpur,PUNJAB,14.34507615
Mau,UTTAR PRADESH,14.34490906
Adilabad,TELANGANA,14.34083765
Chengalpattu,TAMIL NADU,14.33882556
Chirang,ASSAM,14.32717707
Dhaulpur,RAJASTHAN,14.32286935
Gir Somnath,GUJARAT,14.31925727
Y.S.R.,ANDHRA PRADESH,14.31585622
Porbandar,GUJARAT,14.31098938
Badgam,JAMMU & KASHMIR,14.28259356
Indore,MADHYA PRADESH,14.27647479
Latur,MAHARASHTRA,14.27193988
Rajouri,JAMMU & KASHMIR,14.26711792
Mahrajganj,UTTAR PRADESH,14.24670267
Udhampur,JAMMU & KASHMIR,14.21953874
West Siang,ARUNACHAL PRADESH,14.20693182
Sundargarh,ODISHA,14.20170419
Ranchi,JHARKHAND,14.19712
Satara,MAHARASHTRA,14.19643832
The Dangs,GUJARAT,14.19302758
Sangrur,PUNJAB,14.18362692
The Nilgiris,TAMIL NADU,14.18152152
Nainital,UTTARAKHAND,14.17404359
Paschim Bardhaman,WEST BENGAL,14.1674848
Gandhinagar,GUJARAT,14.15049572
Nayagarh,ODISHA,14.14761178
Nandurbar,MAHARASHTRA,14.13588357
Karnal,HARYANA,14.13033978
South Salmara Mancachar,ASSAM,14.08872887
Jamui,BIHAR,14.0807807
Baghpat,UTTAR PRADESH,14.06001426
Reasi,JAMMU & KASHMIR,14.0472509
Ujjain,MADHYA PRADESH,14.0280024
Shamli,UTTAR PRADESH,14.02447752
Thiruvarur,TAMIL NADU,13.98087719
Bhadohi,UTTAR PRADESH,13.97963208
Ganderbal,JAMMU & KASHMIR,13.9688644
Chhindwara,MADHYA PRADESH,13.95524381
Sheikhpura,BIHAR,13.95297438
Hapur,UTTAR PRADESH,13.94663413
Morena,MADHYA PRADESH,13.93928251
Sabar Kantha,GUJARAT,13.9356837
East Siang,ARUNACHAL PRADESH,13.92916282
Tehri Garhwal,UTTARAKHAND,13.92891133
Chikkamagaluru,KARNATAKA,13.92807229
Krishnagiri,TAMIL NADU,13.91561676
Nagaur,RAJASTHAN,13.91402188
Vellore,TAMIL NADU,13.90970071
Puruliya,WEST BENGAL,13.90934184
Dhule,MAHARASHTRA,13.90537921
Pudukkottai,TAMIL NADU,13.88705312
Virudhunagar,TAMIL NADU,13.88461132
Vidisha,MADHYA PRADESH,13.87908452
Khammam,TELANGANA,13.87620714
Bhiwani,HARYANA,13.86118152
Jamnagar,GUJARAT,13.85596092
Kishtwar,JAMMU & KASHMIR,13.85162013
Khordha,ODISHA,13.84960211
Papum Pare,ARUNACHAL PRADESH,13.81967018
West Karbi Anglong,ASSAM,13.7925604
Dima Hasao,ASSAM,13.78568273
Rayagada,ODISHA,13.7783533
Ahmadnagar,MAHARASHTRA,13.74418064
Guna,MADHYA PRADESH,13.74094904
East District,SIKKIM,13.73385578
Jind,HARYANA,13.73139663
Majuli,ASSAM,13.73119883
Rohtak,HARYANA,13.71017287
Hoshangabad,MADHYA PRADESH,13.70624137
Thiruvallur,TAMIL NADU,13.67387525
Balangir,ODISHA,13.66382937
Leh,LADAKH,13.64846403
Narmada,GUJARAT,13.62441448
Sehore,MADHYA PRADESH,13.62429755
Morbi,GUJARAT,13.62129133
Bargarh,ODISHA,13.61408766
Hathras,UTTAR PRADESH,13.5656897
Dewas,MADHYA PRADESH,13.55760708
Banswara,RAJASTHAN,13.54361334
Aravalli,GUJARAT,13.532493
Warangal Rural,TELANGANA,13.50247234
Betul,MADHYA PRADESH,13.47459154
Kancheepuram,TAMIL NADU,13.47009655
Kaithal,HARYANA,13.45663716
Kathua,JAMMU & KASHMIR,13.45340587
North Tripura,TRIPURA,13.42516473
Chikkaballapura,KARNATAKA,13.40917972
Botad,GUJARAT,13.38562959
Kallakurichi,TAMIL NADU,13.37362368
Tawang,ARUNACHAL PRADESH,13.36546955
Udaipur,RAJASTHAN,13.34099914
Tiruppur,TAMIL NADU,13.33098339
Sonipat,HARYANA,13.321514
Karur,TAMIL NADU,13.30007273
Bastar,CHHATTISGARH,13.27418126
Medak,TELANGANA,13.27038093
Gondiya,MAHARASHTRA,13.25766875
Sivaganga,TAMIL NADU,13.24156938
Dausa,RAJASTHAN,13.21177453
Yamunanagar,HARYANA,13.20692809
Mahisagar,GUJARAT,13.18700405
Namakkal,TAMIL NADU,13.18644481
Nizamabad,TELANGANA,13.17878974
Warangal Urban,TELANGANA,13.16752282
Baudh,ODISHA,13.15602176
Ramban,JAMMU & KASHMIR,13.13604914
Bhind,MADHYA PRADESH,13.12199893
Rajnandgaon,CHHATTISGARH,13.11890704
Subarnapur,ODISHA,13.10276351
Tapi,GUJARAT,13.09605092
Ariyalur,TAMIL NADU,13.08980422
Gwalior,MADHYA PRADESH,13.08677154
Bandipore,JAMMU & KASHMIR,13.08377293
Faridabad,HARYANA,13.06379765
Ramanagara,KARNATAKA,13.05674039
Sonbhadra,UTTAR PRADESH,13.05618322
Palamu,JHARKHAND,13.05444301
Nuapada,ODISHA,13.03894863
Udupi,KARNATAKA,13.00851445
Mansa,PUNJAB,13.00543741
West Kameng,ARUNACHAL PRADESH,12.98857452
Tumakuru,KARNATAKA,12.98169946
Chamarajanagara,KARNATAKA,12.97624105
Dharmapuri,TAMIL NADU,12.96390692
Rajgarh,MADHYA PRADESH,12.96072877
Damoh,MADHYA PRADESH,12.95380747
Mahoba,UTTAR PRADESH,12.91710368
Kupwara,JAMMU & KASHMIR,12.91101562
East Khasi Hills,MEGHALAYA,12.89353158
Mumbai Suburban,MAHARASHTRA,12.89229519
Hanumangarh,RAJASTHAN,12.89135127
Srinagar,JAMMU & KASHMIR,12.88822133
Anugul,ODISHA,12.81414309
Udham Singh Nagar,UTTARAKHAND,12.81309583
Karauli,RAJASTHAN,12.7851348
Burhanpur,MADHYA PRADESH,12.77877889
Perambalur,TAMIL NADU,12.7683811
Devbhumi Dwarka,GUJARAT,12.76830739
Gajapati,ODISHA,12.73044551
Noney,MANIPUR,12.72849935
Fazilka,PUNJAB,12.7116554
Kurukshetra,HARYANA,12.69188176
Jhunjhunun,RAJASTHAN,12.68861844
Purbi Singhbhum,JHARKHAND,12.64556059
Ranipet,TAMIL NADU,12.6438143
Fatehabad,HARYANA,12.6080946
Faridkot,PUNJAB,12.56999902
Nalgonda,TELANGANA,12.52344957
Tirupathur,TAMIL NADU,12.51020877
North,DELHI,12.50551971
Dohad,GUJARAT,12.50521505
Bageshwar,UTTARAKHAND,12.47975857
Chhatarpur,MADHYA PRADESH,12.46082477
Karimnagar,TELANGANA,12.45059088
Tenkasi,TAMIL NADU,12.43860859
Mahabubnagar,TELANGANA,12.4135183
Ratlam,MADHYA PRADESH,12.36418042
Bagalkote,KARNATAKA,12.35226492
Seoni,MADHYA PRADESH,12.33817107
Jharsuguda,ODISHA,12.32235311
Dungarpur,RAJASTHAN,12.31518335
Alipurduar,WEST BENGAL,12.28715352
Hardwar,UTTARAKHAND,12.27589581
Osmanabad,MAHARASHTRA,12.27416815
Champawat,UTTARAKHAND,12.27313124
Narsimhapur,MADHYA PRADESH,12.27220713
Jagatsinghapur,ODISHA,12.26514761
Mahasamund,CHHATTISGARH,12.26337003
Moga,PUNJAB,12.24949427
West Khasi Hills,MEGHALAYA,12.23450446
Panipat,HARYANA,12.22965858
Lalitpur,UTTAR PRADESH,12.2270429
Vijayapura,KARNATAKA,12.22306824
Dhar,MADHYA PRADESH,12.22273568
Malkangiri,ODISHA,12.19886639
Unokoti,TRIPURA,12.19401853
Una,HIMACHAL PRADESH,12.18677758
Fatehgarh Sahib,PUNJAB,12.18387109
Barwani,MADHYA PRADESH,12.15779668
North  District,SIKKIM,12.12973351
West Garo Hills,MEGHALAYA,12.11627981
Thoothukkudi,TAMIL NADU,12.09985559
Kamrup Metropolitan,ASSAM,12.09266266
Rajsamand,RAJASTHAN,12.04507217
South West,DELHI,12.00489985
Hingoli,MAHARASHTRA,11.97195982
Tarn Taran,PUNJAB,11.93121168
Harda,MADHYA PRADESH,11.89018789
West District,SIKKIM,11.83245566
Theni,TAMIL NADU,11.77666103
Sri Muktsar Sahib,PUNJAB,11.77547464
Gomati,TRIPURA,11.77133231
Chota Udaipur,GUJARAT,11.77112915
Mandla,MADHYA PRADESH,11.73344604
Shupiyan,JAMMU & KASHMIR,11.71880923
North Goa,GOA,11.69334032
South Goa,GOA,11.68967796
Kargil,LADAKH,11.68835495
Bhopal,MADHYA PRADESH,11.67764066
Shivpuri,MADHYA PRADESH,11.66753341
Panchkula,HARYANA,11.64256371
Mulugu,TELANGANA,11.63966331
Jayashankar,TELANGANA,11.63604259
Shahid Bhagat Singh Nagar,PUNJAB,11.62316413
South Tripura,TRIPURA,11.61426029
Gurugram,HARYANA,11.61321849
Mandsaur,MADHYA PRADESH,11.60104316
Ribhoi,MEGHALAYA,11.56983751
Lohit,ARUNACHAL PRADESH,11.56588929
South District,SIKKIM,11.55917479
Central,DELHI,11.55603214
Kulgam,JAMMU & KASHMIR,11.54419082
Samba,JAMMU & KASHMIR,11.52362695
Kurung Kumey,ARUNACHAL PRADESH,11.51004499
Datia,MADHYA PRADESH,11.49240696
Panna,MADHYA PRADESH,11.46488111
Giridih,JHARKHAND,11.4620587
Thoubal,MANIPUR,11.46109994
Durg,CHHATTISGARH,11.38735884
Katni,MADHYA PRADESH,11.37630253
Kamareddy,TELANGANA,11.36523592
Singrauli,MADHYA PRADESH,11.28687631
Lunglei,MIZORAM,11.27188114
Lawngtlai,MIZORAM,11.26658585
Champhai,MIZORAM,11.25372749
Changlang,ARUNACHAL PRADESH,11.2516374
Ashoknagar,MADHYA PRADESH,11.23645823
Tamenglong,MANIPUR,11.22669913
Debagarh,ODISHA,11.20445318
Chatra,JHARKHAND,11.17251824
Sheopur,MADHYA PRADESH,11.16490428
Dhalai,TRIPURA,11.16118478
Godda,JHARKHAND,11.13291184
Upper Subansiri,ARUNACHAL PRADESH,11.12506516
Barnala,PUNJAB,11.10480781
Sahibganj,JHARKHAND,11.06901447
Gumla,JHARKHAND,11.05768003
Garhwa,JHARKHAND,11.04842383
Uttar Bastar Kanker,CHHATTISGARH,11.02543392
Kra Daadi,ARUNACHAL PRADESH,11.01656952
Kanniyakumari,TAMIL NADU,11.01336275
Lahul & Spiti,HIMACHAL PRADESH,10.96578019
West,DELHI,10.94354846
Khowai,TRIPURA,10.89652222
Tikamgarh,MADHYA PRADESH,10.89427204
Vikarabad,TELANGANA,10.89050529
Satna,MADHYA PRADESH,10.88894873
Sipahijala,TRIPURA,10.88742694
Narayanpet,TELANGANA,10.86687934
Pathankot,PUNJAB,10.84918348
South Garo Hills,MEGHALAYA,10.84393902
Shajapur,MADHYA PRADESH,10.84349368
Dindori,MADHYA PRADESH,10.83104981
Janjgir - Champa,CHHATTISGARH,10.79122987
Medchal Malkajgiri,TELANGANA,10.7860062
Surguja,CHHATTISGARH,10.75002165
Lower Subansiri,ARUNACHAL PRADESH,10.74706791
Washim,MAHARASHTRA,10.73497452
Jhajjar,HARYANA,10.71628018
East Garo Hills,MEGHALAYA,10.69682093
South West Garo Hills,MEGHALAYA,10.6710369
Neemuch,MADHYA PRADESH,10.66463696
Ramgarh,JHARKHAND,10.6273125
Rewari,HARYANA,10.59725109
Dumka,JHARKHAND,10.58480695
Namsai,ARUNACHAL PRADESH,10.56352689
Sidhi,MADHYA PRADESH,10.55668025
North Garo Hills,MEGHALAYA,10.4730136
Hyderabad,TELANGANA,10.46137049
Lower Dibang Valley,ARUNACHAL PRADESH,10.43514843
New Delhi,DELHI,10.39987233
Anjaw,ARUNACHAL PRADESH,10.33174641
Palwal,HARYANA,10.31095208
Pashchimi Singhbhum,JHARKHAND,10.30684115
Siang,ARUNACHAL PRADESH,10.30011377
Nabarangapur,ODISHA,10.29649051
Bhadradri Kothagudem,TELANGANA,10.29182082
Muzaffarabad,JAMMU & KASHMIR,10.25241888
Imphal East,MANIPUR,10.24548238
Jhabua,MADHYA PRADESH,10.24113163
Mungeli,CHHATTISGARH,10.21354302
Alirajpur,MADHYA PRADESH,10.19595043
Deoghar,JHARKHAND,10.19527152
Jogulamba Gadwal,TELANGANA,10.1376688
Mamit,MIZORAM,10.1127724
Khunti,JHARKHAND,10.05509462
Bokaro,JHARKHAND,10.05256047
Nagarkurnool,TELANGANA,10.02790622
Anuppur,MADHYA PRADESH,9.990783933
Mahabubabad,TELANGANA,9.98365425
Wanaparthy,TELANGANA,9.983597436
Nirmal,TELANGANA,9.977770353
Bametara,CHHATTISGARH,9.955955489
Mirpur,JAMMU & KASHMIR,9.948679415
Pakur,JHARKHAND,9.940192955
Nuh,HARYANA,9.922296093
Kalimpong,WEST BENGAL,9.916650214
Lohardaga,JHARKHAND,9.906912665
Suryapet,TELANGANA,9.901334244
Kolasib,MIZORAM,9.878909712
West Jaintia Hills,MEGHALAYA,9.874314593
Yadadri Bhuvanagiri,TELANGANA,9.860874627
Peddapalli,TELANGANA,9.845408483
Upper Dibang Valley,ARUNACHAL PRADESH,9.841545884
Saiha,MIZORAM,9.83880429
Mahendragarh,HARYANA,9.834091081
Imphal West,MANIPUR,9.824765631
Dadra & Nagar Haveli,DADRA & NAGAR HAVE,9.82021117
Puducherry,PUDUCHERRY,9.745259264
Dhamtari,CHHATTISGARH,9.737562775
Siddipet,TELANGANA,9.73699868
Siddharthnagar,UTTAR PRADESH,9.723990353
Serchhip,MIZORAM,9.723515037
Mancherial,TELANGANA,9.717544076
Jagitial,TELANGANA,9.679544394
East Jaintia Hills,MEGHALAYA,9.659986333
Niwari,MADHYA PRADESH,9.638222931
Charki Dadri,HARYANA,9.619373408
Lower Siang,ARUNACHAL PRADESH,9.609839788
Chittaurgarh,RAJASTHAN,9.59413596
Kohima,NAGALAND,9.592515435
Narayanpur,CHHATTISGARH,9.553762142
Ranga Reddy,TELANGANA,9.536145533
North East,DELHI,9.525736278
South West Khasi Hills,MEGHALAYA,9.505296324
Sangareddy,TELANGANA,9.492916178
South East,DELHI,9.482388752
Tirap,ARUNACHAL PRADESH,9.475632711
Korba,CHHATTISGARH,9.450878057
Phek,NAGALAND,9.433797711
Longding,ARUNACHAL PRADESH,9.380106399
Kamle,ARUNACHAL PRADESH,9.35748144
Zunheboto,NAGALAND,9.351020632
Pakke Kessang,ARUNACHAL PRADESH,9.274304467
East Nimar,MADHYA PRADESH,9.247723572
Baloda Bazar,CHHATTISGARH,9.197380869
Agar Malwa,MADHYA PRADESH,9.189893645
Jamtara,JHARKHAND,9.10884638
Shi Yomi,ARUNACHAL PRADESH,9.096398933
Jashpur,CHHATTISGARH,9.061379751
Kiphire,NAGALAND,9.050894491
North West,DELHI,8.981260027
Simdega,JHARKHAND,8.941168082
Dhanbad,JHARKHAND,8.927454084
Latehar,JHARKHAND,8.923637897
Dimapur,NAGALAND,8.881072109
Lepa Rada,ARUNACHAL PRADESH,8.713845098
Kumuram Bheem Asifabad,TELANGANA,8.660938497
Shahdol,MADHYA PRADESH,8.60611133
Koriya,CHHATTISGARH,8.592841992
Hazaribagh,JHARKHAND,8.551359146
Saraikela-kharsawan,JHARKHAND,8.535902649
Chandigarh,CHANDIGARH,8.44471967
Churachandpur,MANIPUR,8.41345168
Senapati,MANIPUR,8.399273632
Kabeerdham,CHHATTISGARH,8.386742164
Mon,NAGALAND,8.374345913
South Andaman,ANDAMAN & NICOBAR,8.360463034
Jangoan,TELANGANA,8.296947752
Umaria,MADHYA PRADESH,8.247551742
Shahdara,DELHI,8.206277742
Pherzawl,MANIPUR,8.073969242
Ukhrul,MANIPUR,8.053628266
Kangpokpi,MANIPUR,8.003936383
Kakching,MANIPUR,7.928141727
Peren,NAGALAND,7.9120892
Sukma,CHHATTISGARH,7.909024381
Chandel,MANIPUR,7.86577583
Jhargram,WEST BENGAL,7.851960066
Wokha,NAGALAND,7.815000445
Surajpur,CHHATTISGARH,7.792234031
Sahibzada Ajit Singh Nag*,PUNJAB,7.786181657
Mokokchung,NAGALAND,7.757549146
Jiribam,MANIPUR,7.702555125
Tuensang,NAGALAND,7.690746667
South,DELHI,7.686692946
Kondagaon,CHHATTISGARH,7.560307969
Tirunelveli,TAMIL NADU,7.541971
East Kameng,ARUNACHAL PRADESH,7.516648699
Kamjong,MANIPUR,7.479566995
North  & Middle Andaman,ANDAMAN & NICOBAR,7.46257474
Tengnoupal,MANIPUR,7.310092891
Gariaband,CHHATTISGARH,7.28532707
Dakshin Bastar Dantewada,CHHATTISGARH,7.263513107
"Almora
",UTTARAKHAND,7.102979288
Karaikal,PUDUCHERRY,7.016885975
Longleng,NAGALAND,6.923534921
Balod,CHHATTISGARH,6.814171814
Rajanna Sircilla,TELANGANA,6.285647596
Kodarma,JHARKHAND,5.936974084
Yanam,PUDUCHERRY,5.860381611
Bishnupur,MANIPUR,5.479314363
Daman,DAMAN & DIU,5.233750545
Lakshadweep,LAKSHADWEEP,4.858476899
Nicobars,ANDAMAN & NICOBAR,4.664727108
Diu,DAMAN & DIU,4.269141538
Mahe,PUDUCHERRY,4.24448458
East,DELHI,
